-- MySQL Script generated by MySQL Workbench
-- Tue May 11 16:04:18 2021
-- Model: New Model    Version: 1.0
-- MySQL Workbench Forward Engineering

SET @OLD_UNIQUE_CHECKS=@@UNIQUE_CHECKS, UNIQUE_CHECKS=0;
SET @OLD_FOREIGN_KEY_CHECKS=@@FOREIGN_KEY_CHECKS, FOREIGN_KEY_CHECKS=0;
SET @OLD_SQL_MODE=@@SQL_MODE, SQL_MODE='ONLY_FULL_GROUP_BY,STRICT_TRANS_TABLES,NO_ZERO_IN_DATE,NO_ZERO_DATE,ERROR_FOR_DIVISION_BY_ZERO,NO_ENGINE_SUBSTITUTION';

-- -----------------------------------------------------
-- Schema cs3630project
-- -----------------------------------------------------
DROP SCHEMA IF EXISTS `cs3630project` ;

-- -----------------------------------------------------
-- Schema cs3630project
-- -----------------------------------------------------
CREATE SCHEMA IF NOT EXISTS `cs3630project` DEFAULT CHARACTER SET utf8 ;
USE `cs3630project` ;

-- -----------------------------------------------------
-- Table `cs3630project`.`accounts`
-- -----------------------------------------------------
DROP TABLE IF EXISTS `cs3630project`.`accounts` ;

CREATE TABLE IF NOT EXISTS `cs3630project`.`accounts` (
  `staff_id` INT NOT NULL,
  `username` VARCHAR(45) NOT NULL,
  `password` VARCHAR(45) NOT NULL,
  `is_staff` TINYINT NOT NULL DEFAULT 0,
  PRIMARY KEY (`staff_id`),
  UNIQUE INDEX `username_UNIQUE` (`username` ASC) VISIBLE,
  INDEX `fk_staff_accounts_staff1_idx` (`staff_id` ASC) VISIBLE,
  UNIQUE INDEX `staff_id_UNIQUE` (`staff_id` ASC) VISIBLE,
  CONSTRAINT `fk_staff_accounts_staff1`
    FOREIGN KEY (`staff_id`)
    REFERENCES `cs3630project`.`staff` (`staff_id`)
    ON DELETE NO ACTION
    ON UPDATE NO ACTION)
ENGINE = InnoDB;


-- -----------------------------------------------------
-- Table `cs3630project`.`appointments`
-- -----------------------------------------------------
DROP TABLE IF EXISTS `cs3630project`.`appointments` ;

CREATE TABLE IF NOT EXISTS `cs3630project`.`appointments` (
  `appointment_id` INT NOT NULL AUTO_INCREMENT,
  `patient_id` INT NOT NULL,
  `doctor_id` INT NOT NULL,
  `location_id` INT NOT NULL,
  `time` DATETIME NULL,
  `symptom_id` INT NOT NULL,
  `room_num` INT NOT NULL,
  PRIMARY KEY (`appointment_id`),
  INDEX `fk_appointments_patients1_idx` (`patient_id` ASC) VISIBLE,
  INDEX `fk_appointments_locations1_idx` (`location_id` ASC) VISIBLE,
  INDEX `fk_appointments_symptoms1_idx` (`symptom_id` ASC) VISIBLE,
  INDEX `fk_appointments_rooms1_idx` (`room_num` ASC) VISIBLE,
  CONSTRAINT `fk_appointments_patients1`
    FOREIGN KEY (`patient_id`)
    REFERENCES `cs3630project`.`patients` (`patient_id`)
    ON DELETE NO ACTION
    ON UPDATE NO ACTION,
  CONSTRAINT `fk_appointments_locations1`
    FOREIGN KEY (`location_id`)
    REFERENCES `cs3630project`.`locations` (`location_id`)
    ON DELETE NO ACTION
    ON UPDATE NO ACTION,
  CONSTRAINT `fk_appointments_symptoms1`
    FOREIGN KEY (`symptom_id`)
    REFERENCES `cs3630project`.`symptoms` (`symptom_id`)
    ON DELETE NO ACTION
    ON UPDATE NO ACTION,
  CONSTRAINT `fk_appointments_rooms1`
    FOREIGN KEY (`room_num`)
    REFERENCES `cs3630project`.`rooms` (`room_num`)
    ON DELETE NO ACTION
    ON UPDATE NO ACTION)
ENGINE = InnoDB;


-- -----------------------------------------------------
-- Table `cs3630project`.`company`
-- -----------------------------------------------------
DROP TABLE IF EXISTS `cs3630project`.`company` ;

CREATE TABLE IF NOT EXISTS `cs3630project`.`company` (
  `name` VARCHAR(45) NOT NULL,
  PRIMARY KEY (`name`))
ENGINE = InnoDB;


-- -----------------------------------------------------
-- Table `cs3630project`.`departments`
-- -----------------------------------------------------
DROP TABLE IF EXISTS `cs3630project`.`departments` ;

CREATE TABLE IF NOT EXISTS `cs3630project`.`departments` (
  `department_id` INT NOT NULL AUTO_INCREMENT,
  `name` VARCHAR(45) NOT NULL,
  `company_name` VARCHAR(45) NOT NULL,
  PRIMARY KEY (`department_id`, `company_name`),
  INDEX `fk_departments_company1_idx` (`company_name` ASC) VISIBLE,
  CONSTRAINT `fk_departments_company1`
    FOREIGN KEY (`company_name`)
    REFERENCES `cs3630project`.`company` (`name`)
    ON DELETE NO ACTION
    ON UPDATE NO ACTION)
ENGINE = InnoDB;


-- -----------------------------------------------------
-- Table `cs3630project`.`doctors`
-- -----------------------------------------------------
DROP TABLE IF EXISTS `cs3630project`.`doctors` ;

CREATE TABLE IF NOT EXISTS `cs3630project`.`doctors` (
  `staff_id` INT NOT NULL,
  `specialty` VARCHAR(45) NOT NULL,
  `department_id` INT NOT NULL,
  INDEX `fk_doctors_departments1_idx` (`department_id` ASC) VISIBLE,
  PRIMARY KEY (`staff_id`),
  UNIQUE INDEX `staff_id_UNIQUE` (`staff_id` ASC) VISIBLE,
  CONSTRAINT `fk_doctors_departments1`
    FOREIGN KEY (`department_id`)
    REFERENCES `cs3630project`.`departments` (`department_id`)
    ON DELETE NO ACTION
    ON UPDATE NO ACTION,
  CONSTRAINT `fk_doctors_staff1`
    FOREIGN KEY (`staff_id`)
    REFERENCES `cs3630project`.`staff` (`staff_id`)
    ON DELETE NO ACTION
    ON UPDATE NO ACTION)
ENGINE = InnoDB;


-- -----------------------------------------------------
-- Table `cs3630project`.`illnesses`
-- -----------------------------------------------------
DROP TABLE IF EXISTS `cs3630project`.`illnesses` ;

CREATE TABLE IF NOT EXISTS `cs3630project`.`illnesses` (
  `illness_id` INT NOT NULL AUTO_INCREMENT,
  `name` VARCHAR(45) NOT NULL,
  `severity` VARCHAR(45) NOT NULL,
  PRIMARY KEY (`illness_id`))
ENGINE = InnoDB;


-- -----------------------------------------------------
-- Table `cs3630project`.`illnesses_has_symptoms`
-- -----------------------------------------------------
DROP TABLE IF EXISTS `cs3630project`.`illnesses_has_symptoms` ;

CREATE TABLE IF NOT EXISTS `cs3630project`.`illnesses_has_symptoms` (
  `illness_id` INT NOT NULL,
  `symptom_id` INT NOT NULL,
  PRIMARY KEY (`illness_id`, `symptom_id`),
  INDEX `fk_illnesses_has_symptoms_symptoms1_idx` (`symptom_id` ASC) VISIBLE,
  INDEX `fk_illnesses_has_symptoms_illnesses_idx` (`illness_id` ASC) VISIBLE,
  CONSTRAINT `fk_illnesses_has_symptoms_illnesses`
    FOREIGN KEY (`illness_id`)
    REFERENCES `cs3630project`.`illnesses` (`illness_id`)
    ON DELETE NO ACTION
    ON UPDATE NO ACTION,
  CONSTRAINT `fk_illnesses_has_symptoms_symptoms1`
    FOREIGN KEY (`symptom_id`)
    REFERENCES `cs3630project`.`symptoms` (`symptom_id`)
    ON DELETE NO ACTION
    ON UPDATE NO ACTION)
ENGINE = InnoDB;


-- -----------------------------------------------------
-- Table `cs3630project`.`locations`
-- -----------------------------------------------------
DROP TABLE IF EXISTS `cs3630project`.`locations` ;

CREATE TABLE IF NOT EXISTS `cs3630project`.`locations` (
  `location_id` INT NOT NULL AUTO_INCREMENT,
  `company_name` VARCHAR(45) NOT NULL DEFAULT 'Mercy Clinic',
  `city` VARCHAR(45) NULL,
  `state` VARCHAR(45) NOT NULL,
  `zipcode` INT NOT NULL,
  PRIMARY KEY (`location_id`),
  INDEX `fk_locations_company1_idx` (`company_name` ASC) VISIBLE,
  CONSTRAINT `fk_locations_company1`
    FOREIGN KEY (`company_name`)
    REFERENCES `cs3630project`.`company` (`name`)
    ON DELETE NO ACTION
    ON UPDATE NO ACTION)
ENGINE = InnoDB;


-- -----------------------------------------------------
-- Table `cs3630project`.`medical_history`
-- -----------------------------------------------------
DROP TABLE IF EXISTS `cs3630project`.`medical_history` ;

CREATE TABLE IF NOT EXISTS `cs3630project`.`medical_history` (
  `history_id` INT NOT NULL AUTO_INCREMENT,
  `past_illness` VARCHAR(45) NULL,
  `allergy` VARCHAR(45) NOT NULL,
  `medications` VARCHAR(45) NOT NULL,
  PRIMARY KEY (`history_id`),
  UNIQUE INDEX `history_id_UNIQUE` (`history_id` ASC) VISIBLE)
ENGINE = InnoDB;


-- -----------------------------------------------------
-- Table `cs3630project`.`patients`
-- -----------------------------------------------------
DROP TABLE IF EXISTS `cs3630project`.`patients` ;

CREATE TABLE IF NOT EXISTS `cs3630project`.`patients` (
  `patient_id` INT NOT NULL AUTO_INCREMENT,
  `f_name` VARCHAR(45) NOT NULL,
  `l_name` VARCHAR(45) NOT NULL,
  `age` INT NOT NULL,
  `email` VARCHAR(45) NULL,
  `phone_num` VARCHAR(45) NULL,
  `medical_history_id` INT NOT NULL,
  PRIMARY KEY (`patient_id`, `medical_history_id`),
  UNIQUE INDEX `id_UNIQUE` (`patient_id` ASC) VISIBLE,
  INDEX `fk_patients_medical history1_idx` (`medical_history_id` ASC) VISIBLE,
  CONSTRAINT `fk_patients_medical history1`
    FOREIGN KEY (`medical_history_id`)
    REFERENCES `cs3630project`.`medical_history` (`history_id`)
    ON DELETE NO ACTION
    ON UPDATE NO ACTION)
ENGINE = InnoDB;


-- -----------------------------------------------------
-- Table `cs3630project`.`payroll`
-- -----------------------------------------------------
DROP TABLE IF EXISTS `cs3630project`.`payroll` ;

CREATE TABLE IF NOT EXISTS `cs3630project`.`payroll` (
  `staff_id` INT NOT NULL,
  `salary` FLOAT NOT NULL,
  `benefits` VARCHAR(45) NOT NULL,
  PRIMARY KEY (`staff_id`),
  INDEX `fk_payroll_staff1_idx` (`staff_id` ASC) VISIBLE,
  UNIQUE INDEX `staff_id_UNIQUE` (`staff_id` ASC) VISIBLE,
  CONSTRAINT `fk_payroll_staff1`
    FOREIGN KEY (`staff_id`)
    REFERENCES `cs3630project`.`staff` (`staff_id`)
    ON DELETE NO ACTION
    ON UPDATE NO ACTION)
ENGINE = InnoDB;


-- -----------------------------------------------------
-- Table `cs3630project`.`rooms`
-- -----------------------------------------------------
DROP TABLE IF EXISTS `cs3630project`.`rooms` ;

CREATE TABLE IF NOT EXISTS `cs3630project`.`rooms` (
  `room_num` INT NOT NULL,
  `location_id` INT NOT NULL,
  `department_id` INT NOT NULL,
  PRIMARY KEY (`room_num`),
  UNIQUE INDEX `Room #_UNIQUE` (`room_num` ASC) VISIBLE,
  INDEX `fk_rooms_locations1_idx` (`location_id` ASC) VISIBLE,
  INDEX `fk_rooms_departments1_idx` (`department_id` ASC) VISIBLE,
  CONSTRAINT `fk_rooms_locations1`
    FOREIGN KEY (`location_id`)
    REFERENCES `cs3630project`.`locations` (`location_id`)
    ON DELETE NO ACTION
    ON UPDATE NO ACTION,
  CONSTRAINT `fk_rooms_departments1`
    FOREIGN KEY (`department_id`)
    REFERENCES `cs3630project`.`departments` (`department_id`)
    ON DELETE NO ACTION
    ON UPDATE NO ACTION)
ENGINE = InnoDB;


-- -----------------------------------------------------
-- Table `cs3630project`.`staff`
-- -----------------------------------------------------
DROP TABLE IF EXISTS `cs3630project`.`staff` ;

CREATE TABLE IF NOT EXISTS `cs3630project`.`staff` (
  `staff_id` INT NOT NULL AUTO_INCREMENT,
  `f_name` VARCHAR(45) NOT NULL,
  `l_name` VARCHAR(45) NOT NULL,
  `email` VARCHAR(45) NOT NULL,
  `phone_num` VARCHAR(45) NOT NULL,
  `department_id` INT NOT NULL,
  `location_id` INT NOT NULL,
  `company_name` VARCHAR(45) NOT NULL,
  `start_date` DATETIME NULL,
  `end_date` DATETIME NULL,
  PRIMARY KEY (`staff_id`, `company_name`),
  UNIQUE INDEX `staff_id_UNIQUE` (`staff_id` ASC) VISIBLE,
  UNIQUE INDEX `email_UNIQUE` (`email` ASC) VISIBLE,
  UNIQUE INDEX `phone #_UNIQUE` (`phone_num` ASC) VISIBLE,
  INDEX `fk_staff_company1_idx` (`company_name` ASC) VISIBLE,
  CONSTRAINT `fk_staff_company1`
    FOREIGN KEY (`company_name`)
    REFERENCES `cs3630project`.`company` (`name`)
    ON DELETE NO ACTION
    ON UPDATE NO ACTION)
ENGINE = InnoDB;


-- -----------------------------------------------------
-- Table `cs3630project`.`supplies`
-- -----------------------------------------------------
DROP TABLE IF EXISTS `cs3630project`.`supplies` ;

CREATE TABLE IF NOT EXISTS `cs3630project`.`supplies` (
  `supply_id` INT NOT NULL AUTO_INCREMENT,
  `description` VARCHAR(45) NOT NULL,
  `quantity` INT NOT NULL,
  `location_id` INT NOT NULL,
  `vendor_id` INT NOT NULL,
  PRIMARY KEY (`supply_id`),
  INDEX `fk_supplies_locations1_idx` (`location_id` ASC) VISIBLE,
  INDEX `fk_supplies_vendors1_idx` (`vendor_id` ASC) VISIBLE,
  UNIQUE INDEX `supply_id_UNIQUE` (`supply_id` ASC) VISIBLE,
  CONSTRAINT `fk_supplies_locations1`
    FOREIGN KEY (`location_id`)
    REFERENCES `cs3630project`.`locations` (`location_id`)
    ON DELETE NO ACTION
    ON UPDATE NO ACTION,
  CONSTRAINT `fk_supplies_vendors1`
    FOREIGN KEY (`vendor_id`)
    REFERENCES `cs3630project`.`vendors` (`vendor_id`)
    ON DELETE NO ACTION
    ON UPDATE NO ACTION)
ENGINE = InnoDB;


-- -----------------------------------------------------
-- Table `cs3630project`.`symptoms`
-- -----------------------------------------------------
DROP TABLE IF EXISTS `cs3630project`.`symptoms` ;

CREATE TABLE IF NOT EXISTS `cs3630project`.`symptoms` (
  `symptom_id` INT NOT NULL AUTO_INCREMENT,
  `name` VARCHAR(45) NOT NULL,
  `start_date` DATETIME NOT NULL,
  `severity` INT NOT NULL,
  PRIMARY KEY (`symptom_id`))
ENGINE = InnoDB;


-- -----------------------------------------------------
-- Table `cs3630project`.`vendors`
-- -----------------------------------------------------
DROP TABLE IF EXISTS `cs3630project`.`vendors` ;

CREATE TABLE IF NOT EXISTS `cs3630project`.`vendors` (
  `vendor_id` INT NOT NULL AUTO_INCREMENT,
  `name` VARCHAR(45) NOT NULL,
  `location` VARCHAR(45) NOT NULL,
  PRIMARY KEY (`vendor_id`),
  UNIQUE INDEX `vendor_id_UNIQUE` (`vendor_id` ASC) VISIBLE)
ENGINE = InnoDB;


SET SQL_MODE=@OLD_SQL_MODE;
SET FOREIGN_KEY_CHECKS=@OLD_FOREIGN_KEY_CHECKS;
SET UNIQUE_CHECKS=@OLD_UNIQUE_CHECKS;


## Data Insertions
INSERT INTO company VALUES ('Mercy Clinic');
INSERT INTO company VALUES ('Mercy Hospital');
INSERT INTO company VALUES ('Finley Hospital');

INSERT INTO locations VALUES (1, 'Mercy Clinic', 'Platteville', 'Wisconsin', 53818);
INSERT INTO locations VALUES (2, 'Mercy Hospital', 'Dubuque', 'Iowa', 52002);
INSERT INTO locations VALUES (3, 'Finley Hospital', 'Dubuque', 'Iowa', 52002);

INSERT INTO departments (name, company_name) VALUES ('Pediatric', 'Mercy Clinic');
INSERT INTO departments (name, company_name) VALUES ('Maternity', 'Mercy Clinic');
INSERT INTO departments (name, company_name) VALUES ('Cardiology', 'Mercy Clinic');
INSERT INTO departments (name, company_name) VALUES ('Pharmacy', 'Mercy Clinic');
INSERT INTO departments (name, company_name) VALUES ('General Surgery', 'Mercy Clinic');
INSERT INTO departments (name, company_name) VALUES ('Intensive Care Unit', 'Mercy Clinic');

INSERT INTO rooms VALUES (101, 1, 1);
INSERT INTO rooms VALUES (201, 1, 2);
INSERT INTO rooms VALUES (301, 1, 3);
INSERT INTO rooms VALUES (401, 1, 4);
INSERT INTO rooms VALUES (501, 1, 5);
INSERT INTO rooms VALUES (601, 1, 6);

INSERT INTO staff (f_name, l_name, email, phone_num, department_id, location_id, company_name, start_date, end_date) 
VALUES ('Ryan', 'Cherry', 'cherryry@uwplatt.edu', '555-555-5555', 3, 1, 'Mercy Clinic', current_timestamp, current_timestamp);
INSERT INTO staff (f_name, l_name, email, phone_num, department_id, location_id, company_name, start_date, end_date) 
VALUES ('Alex', 'Ahlrichs', 'ahlrichsa@uwplatt.edu', '555-555-1555', 1, 1, 'Mercy Clinic', current_timestamp, current_timestamp);
INSERT INTO staff (f_name, l_name, email, phone_num, department_id, location_id, company_name, start_date, end_date) 
VALUES ('Kyle', 'Faith', 'faithk@uwplatt.edu', '555-555-2555', 3, 2, 'Mercy Clinic', current_timestamp, current_timestamp);
INSERT INTO staff (f_name, l_name, email, phone_num, department_id, location_id, company_name, start_date, end_date) 
VALUES ('Alex', 'Kollman', 'kollmanna@uwplatt.edu', '555-555-3555', 5, 1, 'Mercy Clinic', current_timestamp, current_timestamp);

INSERT INTO doctors VALUES (1, 'Surgery', 3);
INSERT INTO doctors VALUES (2, 'Pediatric Medicine', 1);
INSERT INTO doctors VALUES (3, 'Childbirth', 2);
INSERT INTO doctors VALUES (4, 'Trauma Care', 5);

INSERT INTO accounts VALUES (1, 'cherryry', 'cherrypass', 1);
INSERT INTO accounts VALUES (2, 'ahlrichsa', 'ahlrichspass', 1);
INSERT INTO accounts VALUES (3, 'faithk', 'faithpass', 1);
INSERT INTO accounts VALUES (4, 'kollmanna', 'kollmannpass', 1);

INSERT INTO medical_history (past_illness, allergy, medications) VALUES ('None', 'Pollen', 'None');
INSERT INTO patients (f_name, l_name, age, email, phone_num, medical_history_id) VALUES ('Johhny', 'Appleseed', 23, 'fakeemail', '123-123-1111', 1);
INSERT INTO medical_history (past_illness, allergy, medications) VALUES ('None', 'None', 'Antibiotics');
INSERT INTO patients (f_name, l_name, age, email, phone_num, medical_history_id) VALUES ('George', 'Washington', 57, 'fakeemail1', '123-123-2222', 2);
INSERT INTO medical_history (past_illness, allergy, medications) VALUES ('Asthma', 'None', 'Inhaler');
INSERT INTO patients (f_name, l_name, age, email, phone_num, medical_history_id) VALUES ('Susan', 'Wojcicki', 52, 'fakeemail2', '123-123-3333', 3);
INSERT INTO medical_history (past_illness, allergy, medications) VALUES ('None', 'None', 'None');
INSERT INTO patients (f_name, l_name, age, email, phone_num, medical_history_id) VALUES ('Keanu', 'Reeves', 56, 'fakeemail3', '123-123-4444', 4);
INSERT INTO medical_history (past_illness, allergy, medications) VALUES ('Heart Attack', 'Gluten', 'None');
INSERT INTO patients (f_name, l_name, age, email, phone_num, medical_history_id) VALUES ('Tim', 'Allen', 67, 'fakeemail4', '123-123-5555', 5);

INSERT INTO symptoms (name, start_date, severity) VALUES ('Difficulty Breathing', current_timestamp, 1);
INSERT INTO symptoms (name, start_date, severity) VALUES ('Fever', current_timestamp, 1);
INSERT INTO symptoms (name, start_date, severity) VALUES ('Chest Pain', current_timestamp, 1);
INSERT INTO symptoms (name, start_date, severity) VALUES ('Stomach Ache', current_timestamp, 1);

INSERT INTO appointments (patient_id, doctor_id, location_id, time, symptom_id, room_num) VALUES (1, 1, 1, current_timestamp, 1, 101);
INSERT INTO appointments (patient_id, doctor_id, location_id, time, symptom_id, room_num) VALUES (2, 2, 1, current_timestamp, 2, 201);
INSERT INTO appointments (patient_id, doctor_id, location_id, time, symptom_id, room_num) VALUES (3, 3, 1, current_timestamp, 3, 301);
INSERT INTO appointments (patient_id, doctor_id, location_id, time, symptom_id, room_num) VALUES (4, 4, 1, current_timestamp, 4, 401);

INSERT INTO vendors (vendor_id, name, location) VALUES (1, 'Cardinal', 'Madison');
INSERT INTO vendors (vendor_id, name, location) VALUES (2, 'Patriot', 'Dubuque');

INSERT INTO supplies (supply_id, description, quantity, location_id, vendor_id) VALUES (1, 'Syringes', 300, (select location_id from locations where location_id = 1), (select vendor_id from vendors where vendor_id = 1)); 
INSERT INTO supplies (supply_id, description, quantity, location_id, vendor_id) VALUES (2, 'Latex gloves', 400, (select location_id from locations where location_id = 1), (select vendor_id from vendors where vendor_id = 1)); 
INSERT INTO supplies (supply_id, description, quantity, location_id, vendor_id) VALUES (3, 'Cotton swabs', 2500, (select location_id from locations where location_id = 1), (select vendor_id from vendors where vendor_id = 1)); 
INSERT INTO supplies (supply_id, description, quantity, location_id, vendor_id) VALUES (4, 'Gauze rolls', 500, (select location_id from locations where location_id = 1), (select vendor_id from vendors where vendor_id = 1));
INSERT INTO supplies (supply_id, description, quantity, location_id, vendor_id) VALUES (5, 'Needles', 450, (select location_id from locations where location_id = 2), (select vendor_id from vendors where vendor_id = 2)); 
INSERT INTO supplies (supply_id, description, quantity, location_id, vendor_id) VALUES (6, 'Forceps', 75, (select location_id from locations where location_id = 2), (select vendor_id from vendors where vendor_id = 2)); 
